{"file_hashes":[{"block_hashes":["Yn6FOM+hrTqdqQbvKe85q1WZ6sva8QAvVfMl6cqKfVQ=","YuhBgbo3y1np8OR5UUahtuat+7EGL8GnmFz29ZTOY3Y=","8Q55uMsHenppXFJONu3A9u7E72dWkuST05uhmyNeMoI=","iIDVxx8qt++KWkRqmYxOkG9J+tq8Z+1U7JfqGVM6KIk="],"block_size":4096,"path":"HISTORY.md"},{"block_hashes":["NUhjwXNcgcDH7Je6qbnYIcPu4TP8PXpSybHYxxld2cg=","rtCj/FQP9JgoLu4/W9EX8NkFER0qWCU/toX9Bn+zL0I=","HjGm2TL0tQzwddCd5ToKCnlojv6GFBKCs79cpyYfjP8=","CXOGMO8hLK0nrAOKhrZyjQdIaKmlG1apG6s9uj+EjFc=","7mKdxgffA/b7+GA1gPntniCuunSeydUDDQH/S3XAbxw=","Zz2Rj/2skGcjH83/9PXcLjd+ikVuHsBX9Cbsm3BaIu4=","5NY9wK1vOAqI6bDAA7+b7mHpcufwNmSbYZ8FLIJijyU="],"block_size":4096,"path":"app.min.css"},{"block_hashes":["q17BkUu/UjPgOgHx23MXKX3eczIVC1w+PDwltgk5rTY=","I6k3woqHyiQUZkuWL4BHS7ESoslgVPXBW8Raoepjr1s=","XdTlpBxXUN9fTFR0FO8/D+YDnlxUod6gnoRS75cynyU=","WLLws8cSr78iVmoHGXAo/PIpFtIHxMDiS/TNLH2Baqo=","xJxZNblULeFhA2wPGMgJ/WwXbRqtjhtsj27ndkfXr5I=","eZewk4wUYlX9Dr5w/HoW1Wq6yuPhMbTfLWPsoSaG0g8=","WZ2QaxMcbJT3dM+lPfJ9QJYsadpCVQJYrlBIm0+dnyI=","TYOhsj7qVUZYDhoDaW752ZLeS1IuScrOcbb1KH9/nh4=","/ILfG/oloOdx45rKl0WXcJZRiklV4E4sPdddeqFJHak=","9qxB0O01eLVrm7ve6Xnfaqdaw97jzu1XyPnLRRINTYs=","IT3T/8gRVvSZYiyqHZhmc9TUZoQn504rLC578Y+bIVg=","xEtbsCcbdSLfGiEMIyNOchckCRyAZ3JuSAGg26h2P/A=","2J2XySl9a6noPPQUxoGH5Oh4vplAHL7YyMUz5zMFzHM=","axBEyGpPlccaUX6WNezSfgACEHpbwGFpLH8xN36JjJo=","Xf2XNjm0VycclNhQuTx7qGe3uIEDLih/yGhM+qF5Gkw=","go/RnvyzpQ3RaEkC/i52L+X4R9qXweMTKCVzFV8ADgE=","7A5ySlVZlNw+I0/rZSTvIshuPhBgmqAQI2kfBXi3ZN8=","GceHLTnSxi5n7U74g8JhvqOPWQHtrfD1cSyJGQ1Gr9M=","sli6HjCUSLg5lxGFd2DkEwXlzjp05CCLSgfjx03pTkg=","F3dQLNYrkojDG2htBTEf5QYae70tzskbt8Jwcex7oCs=","iWCY6+0eiQv2GzIgvCo9rT+USjv4fkmat4cwT4USICA=","UDZJFK4/fPEblqYCt3vhb6HbNVm0si0Ldb5bvVLJQvU=","k4mDWOR0p/Yzyc4EHAwOyrhRK3mE5dxQRh2u3fhvG2M=","mbZbayFPHSPVaOHJ+ORWc7Xn4RzJKqfgLPjcM2XN7V8=","bDmLddJKU0kCGdbaIiVpPNy58ESNrRxlRRmFUX/wNK0=","G4Q5n2uwZHVCJq0DzSZJgL4Ycyis95OZRGpwW105Dm8=","d7Ff/le8pZj03KNsDId48RPbP8ft04x9aIOmoV6O0BI=","x0Tl8yi/nfOZZnpBTrz8vs4p1exBptgaI0jjiwS0M1c=","ntHgDlsZjCpqF6pQv+GHlaBkICqcnssbcqM3crBATzg=","Tu1uN4A08XHKadYf7U7gQmeSsBYAzKWzZbGyCozOUfo=","c2HeRWM14/W4Age9wkL12HEbdAhx13arXdWr0bG8J7c=","g4aItHevsavjxCPBmSRGPBV1hy5+GprKZV7Xo2DNZ24=","p624gB6HlKtBghkmfWpxjEQeN+l6yvmDgieJgwVYDUM=","pgYAIimxFCGCH8VhC0dBGgS1G+AUbpa1qkFbmnG2/dA=","s2xxEDPEtUZ75rEZHjVfAjOGrrFfqmeEGDkBIk7J1Y8=","Hloju7n0AQKKV1yYno615+1WZvhoSK58chhR02jLayQ=","rzAxcYcj3yva8f4qLwCoSvY63gStS+aAgeuAS3AgDpw=","sLxDpJluPGQbn7CVnlVKcLRQgCe8Wb+1OlE9gRsQ/qw=","rgDrxlQDYSapIz5XuJDC/I4rc4wzwdx2NzPNbTRq2xY=","Z+41DYj1qLKq/0I+t4O/rGFYCAEr0rNWFn/+9BsEqSg=","0Z+DIPek+gpoUbQ+dR1NFATOAq7Rnm39TO02f5fBNsM=","2ufQ9DHuUJFKBoJa8Xt1XHkFmRnSLSkdaAPSr06Cg6s=","XVCpfQLh8WR6i/20NaQ1oUc+OxtfmqxtSOIQ/cPSlJM=","UM2/LafGRUzAxcBUeeLQnnCBgQ4wCT7B2s9eVqCLlRY=","AH2oTWQXcg802xlCVO+VE6zr/xgoxmmnC9Bqzfp5woU=","F9dV2Chuop0ADfqrKaRE5raK1bqmPX9KJ4DEFzSoWaI=","04UhobPGSOy5BFnne0oT8WmdEttGct+6ihsC+ZZxgrM=","gitrDBGC3/cQQieAtmfm4dOOmvtyMQgKsRu0ErJxduw=","aMTmG3DwP+xelkVk2QaO8IBrE/top/DdU5aAv9C0/tY=","sPWsqgAY3tgdCyZQlnJ4n07S+wp7mC2liUXVRYod1zg=","Cn7FO9uvP5DaL0vJPR29n++Gj+VE2aYko7pWhaQ6d6s=","LiUvTbFa7VbXrlG2aolGsjBJArvIeGSrx/EtmmntZfA=","/GOtIFfpp9crLXyqA2mr2XIhvruwxmgdiRH/lU8OBsU=","hVO7tu5Vj081N5/9WDAuRbsPY1mv2cEHlGw51y6L03g=","lA34eKJvbr10yurPUackBQXXYLx/P1hmt/85U7Jl3yo=","PMaGRfvunKNYewqkCFd0HY3y7CJqICBmRnV2y5WY5DA=","u6MsmBV3prnep/Nw+XaV1xM1nnN0nXTJPMXJJjgUY48=","XdXpGJwLPwS501729JoGK4VKDaLdxOzTEp5jfkavubY=","bdsKuuyFfjItjSEmzDd4pgv9cflc2sWMkeQS5fGSBdg=","cYDV7KzliX7kUg1D5UZ4C9hUciRTYVEizORILKMV+k4=","GSGTAWpC4AGGM+w/Vwzt7cjFCA5eJ29B/NIX4k50qiU=","8PLwk4/YE1Uh3v35hOsUA0QlI2DbUE8uXMbazMWAuAM=","wWNn/pe6VSEthSfWhfL49/SuhiKWrlWyeMArt5R3hns=","dM4IaJ9AD4qQw26D7ZNIKPdaiXH9ap+32lk0hYhlJRM=","IY7A4Hsf5lAW1GHS7R2LbG0F0KXAdh5/0t2QSFRzD3M=","GnG7GGK3Ud4FgX4GoHu8Hu+wLSJJLUzOmQWxKFOLDa8=","3UP78qRgeCEYAbuiQim2NCGbf98OvPSqKS64PyRWVRE=","Q68+vPR8XoU75BVD6CHFon2i9WGgmMqpaahsH4gvCzY=","6BHYPNz88/7x/8eL264bLw55SbKIvyn7oOqAY1XVuGw=","9doJlHo9MfxBp5YSw+3dCVODGdWQwoQFSxkCKBAfH98=","Z2X1hJ+knosqk6pSm9rFHZu+FYvkg3NpK9mHdUggOiY=","RMqWUQZqP1W23pqpGeGMESKvoeX+i1bJRUb1wnDw8oM=","mtwZ3376qvK+Yjd7n13QzjPw4WhhcjM1hBwEYKQNZog=","N1/1h5sXTb05HzK8ooql7b/s4LLEadhm+KnRnYopi4A=","dSItOuGTemB4xzCgWDatRv0kJbTooK8gO3xcITCWfCA=","1+XkDx5IwHs8cF9IWfF7iqEc9gQQ6zpFxB/CzsW8WWw=","xh1G3fAAr2IbWeFphIeQ0hdl0VnVCPrzeC9WZseA3jg=","S34NPhNQ8AAPkDJH1MkFakmLXmcU0tJWMARlKS0ycBs=","/YbkvOEqkDiCZYzYoh6h2DNwS1vKNsR6oH0aBHyF0kg=","RcYhKPjEngwuH7lHJ7nyIPfB/In3pDpD9Gk1Y8boblY=","5yNCkwD+9A0TsSiiCqlel426li+3DcKR+xVMpk3/3oI=","W7zvzpbWBmXqqhp9R/tv6xxHfDtYT35VR4JWe27fVx0=","QxlASNaA11Kz+2RwuC5ypl0py3ZoGUHignCB9SxH7Co=","TTwIHCxAge2AfXnyb2nPc7d3FvLVLFWDB/baDeP3SSE=","1jEBfMsk4xkfYYgT+Z6vJ6yD9sVpPFmsfHbf0g52rRE=","ugRXX/PHa2VurZOY8E2qUZ2rfDz/9mDsgn+6EYBHGc8=","uETgh1C5GZuDt4IF1OoUzDlZSyeHjL0lmUHwPjquok8=","Q2agFVJqfllnXf6xPPn5/emWPf7vPDkqepfEMB54tJ4=","h9QylmizIn3opPaX6dYmBSuDZYqPrQ5jewGRgTt5tpE=","Ki0t1+hvkegnK3AHaF+geBSh4nYgW/fatKtaCLoFp18=","jZKgKqMza+pPWqtHd/xOM74fiUlkG1SVve9iDhUdaek=","sqJeE0Xks9uZlaA5umLBZW6wSYKtdJzWmKR9DrOKaHI=","cp/tcF4THFb7EbFTPx3+4LQXbeGo6QcPsaAnlcJ6H6k=","iNmg8eKJVbFLoY36FhF6GRF6UWkPNCgWLW4DSxm6I+A=","Sa0SbneQVr9xHdGA0f1vuMUKQ8CEkhEm7AWDKxwm5fE=","wAeERS+wd7Sb3dQrkwhcJMkAsMnVVVm/gaSh+glqgIg=","8MJh6TT79qJN8uZZazEMdPYAkTrhM9iLM3FPjJCXeLo=","5UMrt2hU3zAX4Ol6/Anp9In93/DUKWw7X5hDZ+wUVzw=","YpSN9Z8Yb0DVZySmj27tYN8NOOJ8R06XABikQ7Clw+I=","h/JFuHWyNCrB9Scjuv/q8tEY9apT/ApPaXBkGsbCmw8=","gMq3PWpZ7I/7V44j5tkMoAddk69+x1ImsHqX3kwzqzc=","FH+0VbzlbCgBU2y8BwdlkJV4cMUll0wZTOOBi/+500A=","1sXkYLy757i3t426uq/0PQpE2+UyvVIdOhqXzwuD4E4=","N3inodHuJL885FjnnudA2cE2PQj/meSF5kqIT4C7HNU=","kVBiAuOIKSDgZd6X0iKPPLXqipY96N1w5L7/ExqaHH8=","qjXY78ww045xCpIKcb+ooaX5ww76oQJRlXpYKSJ0Xjk=","621xB8VZ49X8iihm8SREgovc2GhQzp3QZ4LZ88argqs=","kNO/H17+VUAhbpQqitO/WBfF5uDEd8AzW0kkY9VDjdY=","DIOd8PVBYQTt02Wo2WyI2JmQKX4lmtkPog0hkhTjzj0=","FScQ5rux/Tlx2LFZPc0YVWSULysqs08b4qs/aVRZYK0=","YAXLFbHxB2mLhWoCzXwf5O5tHEItswnYX+xG1BWvt5A=","W6A008JujY8bBUVRfuz7rGGVW+a7Kl1VpRiapNJhMUQ=","ScbBf9+NNWxyCZVzuwJaC79yu1EjSdrJd2pOPOWnvNo=","VORylh6OLytZLLsAU+2dSrL7ZCIOXHJJDjTuBiImBlc=","//0StGU9QtUGWhZoj7Euk+ZN40sUiDHoZi5bIsaQFJY=","Cl1wY58Bjq9Kbc89oWSa0VU1jYvNv2SYgHiLTcmVqJY=","ZsYcQlDdU0ySQz01QuzwMaHejwolfr8hAi7KX7AUr90=","domvgW8TAH4wZLoW1QhXBzVomHXQuv5WroK1/frQpNY=","fDHHMfVM8524NIcQjdgtTjHyz/6yRhpHubAneOLZNR4=","GDACjlEBw8y4/Za534MrJlsRvzeYti4Fts0o4BhAnRE=","fykCD/d1J56iR3nnLfv51FTHCUS0xVxFFQRxN/qplYQ=","xd2nSXdd6M/v/BZqGS/Wfn1JHxTGDLp9iR8MR8eeAOA=","PSzFjUwRjO7gB/DmYmoqgamoRqexcFhI/VEWmE88y1k=","IFLSL6stSuqkLAebavjxw/TUvVW07bdXRdFtqYmbcWc=","0wMSR/lkcoq0uPB4eB1y1vkfYzjjJCi6hL9Lp40Zkz8=","v/9zHJxzmxY6oe77v3VsbEcWrm9g3Qd9sdwaPKQdEBs=","CIv03V/Kz6cUlhni0t4wHlxLaYJy7j/vXpGayjtH988=","uPgdpYcWilhcKGB494IbHRnF2wg4sDOOuk4/bFgy1QQ=","oG8IxyqPfm+nW/757L/5ZbuEjX3oph7X/PXu1InljGE=","3H3z8U1hB7yUzc5FD1/CaS0CqiBKwnuBBQ1rX9lint4=","EnA1mLrv085KyIgARo1NwcJk/KT0FXOg2cf9xq5jpgc=","htAyCBuz2cOo6VtIZvhL8A8sssPTiz7QZQs/HTl6/qY=","PueDvTlnyxF08yZUW3P/QgkjQaTYwZECS8fCyMSHh6s=","OoiG1qxH1zUmFVuvpMP4GVUft+BKd6HXMt9TAQPoL3w=","fj0wqyKoB1WAlmcQqOioHltbxiTfjfsYiXTD31qKURQ=","pE5hyd0sqW+LPOdlOBknwfnt4rUnnHXgSXodbBjk9B0=","TBUe4tvaR7BTkgOAJGcOI/8zAkrwEpz2DvHA1QezghI=","fkTAU3VZ1ZD/EMdwqqiq4aQE2zONrOINjPeZuet+E4c=","2+WY5ly41uknKNaXHpQx/H6g4aiWR8yzRYrT+2WzzAU=","kIG6oo4xJXwMiuZw9ARJMAQEWgU7HhnUsRTB2uRE3Os=","GptH4cCLvmeydft35m4Su9ZzLD4kTjums0W7qe+ezbw=","P2RdvsWmZfBSMVNjVllwLNW7DoQhM1xRMZvxMfGwV+E=","uypi/GwnTVBoxVsS75du4SE7t3xvZUbsHOUBKVUPFvc=","SllSeojUfD8ObKuMbeOoP0Qbz81OOyTz1jJk8L4BB68=","joLDBDsCqCoo1chzxwe1l83XdO5evsyYMl4YFcOVl7w=","MAwmht9NGe5mJf2QIkqgHXkXlzRM4jIlqQH1kx0qJA0=","Q9hU0jGFvk7/Fvz0TBCXKyqcTkHGu9+3tY5v5nMfTaw=","VO5S5NF/dgoZ7DgSiyoBSy71VUcMwrtHoNAPAeH4z4M=","RnZBb5VLN6KpuBiVMEJDNf057FINr0vhWYWfh5DM1Nw=","ZAw11U+Ybo1T6T3L5tNnPBW5b7sZ80qCgG8SAt3ubNE=","UZ1DPrOqNjtD98bTJR/QaTZvqrVkEe7Sc4D42EIdD14=","idrkzQAf2ktydnMWSS2VdpTGacmk8BYT5s1XFlmjjiU=","qQ8Q7ZBWBJ4VNZGuobv1HVW3viuWKjq7LRXWAye8YcM=","h/Ys4gAzxk73TzhLCYY9tev+Q0xwjDZRblzNwCDWGok=","DMfyQVhMmuEPoErSIzMnBovc3cd8gFxXvQ3Y+ENnAKg=","aSIvC0ETEsFBpboZHadVwk2lc7T0fcfcX9hEJkmEnHs=","c4gOlLeh9koP7fcKFRIvAFOHZZw3CtvUZtC1NKLP1Bg=","sAZebrUEGPWch2O62StezcP4DhFumaEMbIZr0jW88Ig=","k4El82Bc+YcPG7QGDkH7SI57f16eMM6Txrm2EO0b5bQ=","SQBn/vN3P+5cjDKaOTjJ35ilKbWqxMUiWFCMBNktGcM="],"block_size":4096,"path":"app.min.js"},{"block_hashes":["Y7bHDdIiUA361zaWNTDPAJAceRoZxoRLTVl0A/38xW4=","TGVBQ6HHLQa9bUxA+6Ef4WlTI17yb5sLIoiZT/FkRWU=","AE8fw5d3DDFnioihbgIxtekzd45faZZGqyN/E0dejWc=","IBrOZXUdEUkyxXmoFNpf00EWxEo4+0EldR2CM4Oj0SA="],"block_size":4096,"path":"assets/sw-toolbox.js"},{"block_hashes":["7De6U1UcNzr/zmZSFU5m7KBsZc3QMI+BTaX0IBaoQP8="],"block_size":4096,"path":"chromeapp.js"},{"block_hashes":["nwm3APMIHdF02HpMYHMHSk5XtjB62r+aDbsthpHO0Ac="],"block_size":4096,"path":"datapolicy.txt"},{"block_hashes":["LYEMMZe6PkZCN80FzRVH8yDQ+Cl9y66dCqrCH+tsNrE="],"block_size":4096,"path":"doc/doc.css"},{"block_hashes":["9FJwxgqOCdaUmfIWgRLP/CDfSBgyZVpPVoeN3Ujynxs=","pXQAHj2T2r0ZWS+NDKUXxOnw0vtkRqQ0fsJhJoc6Sxk=","w64NkN/SwBmPvFkg3A9HpPEFwwHh+MDiOZ6HN/z1eco=","xzpJDJZ/QlY1sPJxmSfuU9rrOU1FKaezxOYPuYNEub0="],"block_size":4096,"path":"doc/img/actions_menu.png"},{"block_hashes":["YqyuHA6NbHzzqk9BErunxcvDVBK4Ui//pXGc2dx06Sc="],"block_size":4096,"path":"doc/img/button_actions_menu.png"},{"block_hashes":["D1N0zsOULxZ8q7pKRSekcyqt6WeW3fZVmKk5HaNezwY="],"block_size":4096,"path":"doc/img/button_dragarea.png"},{"block_hashes":["dISXx4DSHHwsZl3B4SKzKcagK3wkV7WhWTnJJ2D+ciU=","FKHplaE2AwuLV4UDfCEiegzI+c01SBwErF84vw96DUc=","dKwCw07kujs2KZO2uifm36mEjoC++pCcAvYs2Dvi6Mw="],"block_size":4096,"path":"doc/img/code_editor.png"},{"block_hashes":["efyZtmQbo4f3FANbxbymDMAdHp9zjiUUtIKuWwN1Yl8=","Ngq87zP9F0Sa9NDUjDL0wqYgpPcrP1OXjDrXZSq+Odo="],"block_size":4096,"path":"doc/img/document_name.png"},{"block_hashes":["BNoR2WMeQH43++Kc52RvPv5clFj/n9YvFdgTq+vkv00="],"block_size":4096,"path":"doc/img/main_menu.png"},{"block_hashes":["ZWwVvOqz8fKLY6+jSmgHLXd1TvEqLu+9NtsN4VaItho=","mQK1jpFR+AHapNGYAOBNr8GWQL507TUkCd8VhEnqk/U=","wpTLJtTZKr0DoXfhiYdDxOEYK12HLEnK5W1lqY22vVU=","NMJZ/54EvfGnLdFFUJwkjIka3m0QHiaUGkpuz5EeSZk="],"block_size":4096,"path":"doc/img/schema_warning.png"},{"block_hashes":["WLJdFLkAnKTr6LVPGVLZ2CHNVFxX91i0CJlnIQ3sYWc=","C24iUk1PImAU8IF+bTxjaxofrZusdZ1GxlpEJsi1F6Y=","0EBH1+7EE+MuFEydO4MxjxCGU4m36kdO2kL0Wy9/bSE="],"block_size":4096,"path":"doc/img/settings.png"},{"block_hashes":["aYIymDGKP3i+FdqG0q42H0Ho31/oGXa13sd5Cwjjcns="],"block_size":4096,"path":"doc/img/splitter.png"},{"block_hashes":["BLb9jptXNVqC8B5o0wb+4csyXmopyColLYxXu96aI7Q=","VXH84tLWHT0UlzspgOydeB2FFTBkVAPY0xC7SQkFPTY=","9kS9t19xgN9FvuG6h0T8WhapPMepd6QVnUbzWV71pp8="],"block_size":4096,"path":"doc/img/tree_editor.png"},{"block_hashes":["ut9jSGsF3mQX6UJFdyRWNKzs71mikJjCyI3Hs+2xd6w=","9GSJhZ+S3whii6outvLwiVyzyE+gIZSU5M8PUfXilc0=","oSxyuLLx0nCDfnGfAwcE7AubSMbooO1N6PYHGlFCVHQ=","ZfNVO/YCnxuLGfYPIE8X7kBHcVvhMzaCeNkJvNoq/Ew="],"block_size":4096,"path":"doc/index.html"},{"block_hashes":["m4lUFnkAG6N8Ponyr23eh4UuaGKAHOLILTlheosyo1M="],"block_size":4096,"path":"favicon.ico"},{"block_hashes":["ltO/Pj6iWXd+zAuNMTc6gLoo9FfX6X+G1Y90dwBF3Xw="],"block_size":4096,"path":"img/header_background.png"},{"block_hashes":["V1BoXrPguUCO1pSJ5DooHwkZ4cYaQ+A6/G0DnX2TFNI=","d4tM+VoIHrF3Qn2f3qA7HE8Cob0oh8tuxd0G10578mc=","qctdnrTiOgSdAKFXnp8N66dtuKB9gb0lnPiZSDk86J0=","A9vPrX2t8MYR1IUw902IyQXIj5KRNN3RKM5Qea6ZJq0=","cpZW4LvalUFgi0saSgVgdVuKIYSg2BRp2VcdjwJWfao=","9IuET1jofd2NLYFLKZ9Es+FFNqHkf/AA2K0J3ysnYU4=","hzHRc4SZuBK+zNRX9Z+3TYgk6wBaDjwOritd28z4fAY=","emrEVMrDRWT/XVM3y7Tb1Vg0VKJjjkTWg8KtMy8GOSE=","YWteXxmhdfHlupQVAdxufxRrlRIuQ/9+1kQZ9rASytY="],"block_size":4096,"path":"img/jsoneditor-icons.svg"},{"block_hashes":["wOUQo+jRIBpfo5JHg5oLrg8V81QuiSnfPKH2G/0tSrQ="],"block_size":4096,"path":"img/logo.png"},{"block_hashes":["9nLbRqQmByJapwCRTE7l/A7z5omxWZ3bp9YJqdL/5S0=","HxwT+iv3IVa93dNF35nsk9Ureg+BabObcpJpI4H70bE="],"block_size":4096,"path":"index.html"},{"block_hashes":["VKt6hqNvlkzR4vQmWEwo+FWKJpBshrMOvGN67daEHVQ="],"block_size":4096,"path":"service-worker.js"}],"version":2}